,Media Channel,Budget Allocation (%),CPM ($),Cover (%),Avg. Frequency,GRPs
0,Audio,30.0,15.0,42.72574840336694,3.2547231643483947,139.06048304255984
1,Linear TV,10.0,30.0,15.728430100120132,1.4706390870265689,23.130844082801875
2,Magazines - Print,30.0,30.0,37.08345332798697,1.8750047366310645,69.53165064061258
3,Newspapers - Print,30.0,18.0,31.36203047574437,3.694033344964451,115.85238634319101
